<?xml version="1.0" encoding="UTF-8" ?>
<pageDefinition xmlns="http://xmlns.oracle.com/adfm/uimodel" version="12.1.3.2.36" id="EstadisticaPageDef"
                Package="mobile.pageDefs">
  <parameters/>
  <executables>
    <variableIterator id="variables"/>
    <iterator Binds="root" RangeSize="25" DataControl="EmpleadoDC" id="EmpleadoDCIterator"/>
    <accessorIterator MasterBinding="EmpleadoDCIterator" Binds="empleados" RangeSize="-1" DataControl="EmpleadoDC"
                      BeanClass="mobile.DTO.Empleado" id="empleadosIterator"/>
  </executables>
  <bindings>
    <tree IterBinding="empleadosIterator" id="empleados">
      <nodeDefinition DefName="mobile.DTO.Empleado" Name="empleados0">
        <AttrNames>
          <Item Value="nombre"/>
          <Item Value="salario"/>
        </AttrNames>
      </nodeDefinition>
    </tree>
  </bindings>
</pageDefinition>
