<?xml version="1.0" encoding="windows-1252" ?>
<adfc-mobile-config xmlns="http://xmlns.oracle.com/adf/controller" version="1.0">
  <task-flow-definition id="ViewController-task-flow">
    <default-activity>Main</default-activity>
    <view id="Main">
      <page>/Main.amx</page>
    </view>
    <view id="Create">
      <page>/Create.amx</page>
    </view>
    <view id="Edit">
      <page>/Edit.amx</page>
    </view>
    <view id="Estadistica">
      <page>/Estadistica.amx</page>
    </view>
    <control-flow-rule id="__1">
      <from-activity-id>Main</from-activity-id>
      <control-flow-case id="__2">
        <from-outcome>create</from-outcome>
        <to-activity-id>Create</to-activity-id>
      </control-flow-case>
      <control-flow-case id="__3">
        <from-outcome>edit</from-outcome>
        <to-activity-id>Edit</to-activity-id>
      </control-flow-case>
      <control-flow-case id="__4">
        <from-outcome>draw</from-outcome>
        <to-activity-id>Estadistica</to-activity-id>
      </control-flow-case>
    </control-flow-rule>
  </task-flow-definition>
</adfc-mobile-config>
